2a10:cc44:01c0::/48,PL,PL-14,Warszawa,02-241
2a10:cc44:01c1::/48,PL,PL-14,Warszawa,02-241
2a10:cc44:01c2::/48,PL,PL-14,Warszawa,02-241,/64
2a10:cc44:01c3::/48,PL,PL-14,Warszawa,02-241,/64
2a10:cc44:01c4::/48,PL,PL-14,Warszawa,02-241,/64
2a10:cc44:01c5::/48,PL,PL-14,Warszawa,02-241,/64
2a10:cc44:01c6::/48,PL,PL-14,Warszawa,02-241,/64
2a10:cc44:01c7::/48,PL,PL-14,Warszawa,02-241,/64
2a10:cc44:01c8::/48,PL,PL-14,Warszawa,02-241,/64
2a10:cc44:01c9::/48,PL,PL-14,Warszawa,02-241,/64
2a10:cc44:01ca::/48,PL,PL-14,Warszawa,02-241,/64
2a10:cc44:01cb::/48,PL,PL-14,Warszawa,02-241,/64
2a10:cc44:01cc::/48,PL,PL-14,Warszawa,02-241,/64
2a10:cc44:01cd::/48,PL,PL-14,Warszawa,02-241,/64
2a10:cc44:01ce::/48,PL,PL-14,Warszawa,02-241,/64
2a10:cc44:01cf::/48,PL,PL-14,Warszawa,02-241,/64
